Module_code,Module_name,Module_term
1,Iggy,Reinhard
2,Raimund,Fennell
3,Cacilie,Gerg
4,Dawna,Natalie
5,Sandie,Dossettor
6,Glen,Mcasparan
7,Nicky,Aphale
8,Marlane,Blackadder
9,Barron,Pentin
10,Lamont,Poltun
11,Brinn,Josephoff
12,Gasper,Iliffe
13,Mureil,Marking
14,Vachel,Ommundsen
15,Roley,Lauthian
16,Marjie,Stout
17,Odo,Coull
18,Kerry,Doblin
19,Morty,Shave
20,Patrizio,Lashford
21,Nappy,Brockie
22,Bordy,Huzzey
23,Maye,Veall
24,Bianca,Heindl
25,Merl,Resun
26,Kelsi,Skellion
27,Meredithe,Crohan
28,Kurt,Orrett
29,Angeline,Rumney
30,Ettie,Scholer
31,Linnet,Gunbie
32,Cordy,Mynott
33,Ilse,Giacobilio
34,Nissy,Kem
35,Arden,Clewett
36,Mendel,Darrell
37,Langsdon,Bursnall
38,Malinde,McAtamney
39,Aliza,Makey
40,Raynell,Robic
41,Filmore,Kroch
42,Jo-ann,Durham
43,Patricio,Rylatt
44,Verge,Sievewright
45,Xaviera,Merrien
46,Laina,Scorey
47,Atalanta,Lineham
48,Sonny,Doerling
49,Seymour,Etienne
50,Tobie,Ewan
51,Stanislaw,Warrilow
52,Felicio,Barroux
53,Berti,Delos
54,Brinna,Ayce
55,Ravid,Strotton
56,Nichole,Choldcroft
57,Jenny,Klaussen
58,Alphard,Dornin
59,Maximilianus,Squeers
60,Dorry,Gerhardt
61,Jefferey,Box
62,Babette,Grayston
63,Elianore,Sutworth
64,Yettie,Isaksen
65,Leland,Muscott
66,Gamaliel,Cramphorn
67,Didi,Kliche
68,Marlene,Ledram
69,Lyndsay,Muffett
70,Rosina,Kirvell
71,Brana,Russe
72,Bili,Farey
73,Rourke,Fricker
74,Alexander,Zum Felde
75,Dannye,Jansik
76,De witt,Clothier
77,Ginnie,Brumbye
78,Nannette,Sandey
79,Minnie,Bricket
80,Corrine,Papa
81,Toiboid,Percifull
82,Trenton,Upchurch
83,Fonzie,Howsin
84,Beau,Belsham
85,Bret,Faragher
86,Ardys,Spafford
87,Batsheva,Kock
88,Agnese,Leif
89,Gusti,Siggins
90,Allis,Emons
91,Florry,McPartlin
92,Ardenia,Prettyjohn
93,Nan,Ickovicz
94,Garrot,Stonehouse
95,Kristo,Eblein
96,Corena,Bartosch
97,Jermaine,Aronson
98,Anson,Cess
99,Danna,Zimmerman
100,Jacqueline,Thorald
101,Gus,Pettie
102,Dyna,Pinder
103,Josephine,Aguilar
104,Jennee,Groocock
105,Delly,Tomasicchio
106,Chip,Sabates
107,Emmett,Huygens
108,Farrell,Anelay
109,Nathanil,Collington
110,Laurie,Ottam
111,Evelyn,Musla
112,Latisha,Girodon
113,Denna,Seymark
114,Skipper,Bainton
115,Gilberte,Mordey
116,Larina,Tregenza
117,Jerry,Gillions
118,Ethyl,Parrin
119,Lorenzo,Dax
120,Kelci,McReidy
121,Thorn,Ummfrey
122,Claudina,Bonham
123,Germain,O'Gormally
124,Vale,Griffitts
125,Meryl,O' Borne
126,Ruthanne,Lindop
127,Anthony,Audiss
128,Johnathan,Tozer
129,Lolly,Ibel
130,Ara,Morecomb
131,Christophorus,Ewbanks
132,Allys,Perch
133,Ilario,Igonet
134,Godfry,Denton
135,Arielle,Skull
136,Gradey,Philpault
137,Merridie,Rait
138,Eduino,Pitford
139,Genia,Kleynen
140,Wallie,Richings
141,Erick,Janson
142,Gwenny,Guiel
143,Brooke,Thain
144,Clyve,Maxstead
145,Reilly,Patching
146,Morty,Pennuzzi
147,Kellby,Morteo
148,Karlik,Merrall
149,Jabez,Asson
150,Casie,Natte
151,Floris,Mouth
152,Cobb,McAteer
153,Petronilla,Romero
154,Paton,Cucinotta
155,Laura,Harvie
156,Delaney,Brundall
157,Byrann,Hibling
158,Ethelyn,Catterill
159,Richard,Gorse
160,Brodie,Exrol
161,Aridatha,Abotson
162,Tymothy,Hallitt
163,Livy,Nitti
164,Jeffy,Ximenez
165,Anjanette,Denver
166,Danya,Bartalini
167,Rube,Amburgy
168,Olva,Gye
169,Frazier,Stebbings
170,Linus,Garci
171,Zorine,Scorton
172,Augusta,Malimoe
173,Galen,Roycroft
174,Enid,Tweddle
175,Sollie,Trorey
176,Witty,Basili
177,Jarad,Duffin
178,Cecilius,O'Flaherty
179,Luther,Verrier
180,Karleen,Milstead
181,Bathsheba,Cowgill
182,Patrica,Dunbabin
183,Travers,Hubbert
184,Abeu,Lawless
185,Verla,Mosedill
186,Theodore,Sturgess
187,Sigismondo,Bagehot
188,Christoffer,le Keux
189,Hunfredo,Di Gregorio
190,Gabriell,Pawlowicz
191,Kennedy,Buard
192,Linoel,Ubsdale
193,Edwina,von Nassau
194,Timothy,Hainge
195,Crissie,Gartan
196,Cully,Springham
197,Torrance,McSharry
198,Lorri,Tunny
199,Bird,Yeandel
200,Phillip,Huckerby
201,Debi,Jenteau
202,Alasdair,Gorrie
203,Damon,Dredge
204,Dyana,Radbourn
205,Kale,Skaid
206,Adriena,Cordet
207,Adrien,Sherborn
208,Roxanne,Spuner
209,Marie-jeanne,Tunno
210,Fidelia,Mayzes
211,Justino,Kirman
212,Dionysus,Dornan
213,Leo,Di Iorio
214,Horatio,Toffanelli
215,Titos,Milby
216,Nicholle,Lusher
217,Benedict,Jaeggi
218,Winifield,Darell
219,Sophie,Vassbender
220,Tyson,Craister
221,Andreana,Haryngton
222,Troy,Roly
223,Dyna,Milkins
224,Wait,Darkins
225,Elfreda,Jacke
226,Hughie,Vosse
227,Cos,Goodredge
228,Anabel,Impy
229,Andros,Scard
230,Porty,Garbutt
231,Glynis,Petrol
232,Tandi,Stollenberg
233,Mercy,Bealton
234,Boy,Malenfant
235,Waite,Dorow
236,Moll,Belchem
237,Patsy,Stannard
238,Corry,Motto
239,Nevil,Farleigh
240,Hortense,Crowcroft
241,Nicky,Paydon
242,Hedvig,Sidaway
243,Nevsa,Batisse
244,Hershel,Lichtfoth
245,Noak,Alforde
246,Thomasin,Ryder
247,Marrilee,Screase
248,Herc,Langrish
249,Shaun,Entwisle
250,Joan,Shrubshall
251,Meredeth,Mauro
252,Cicily,Karby
253,Towney,Tampion
254,Tallie,Randell
255,Brnaby,Thrower
256,Callida,Scoterbosh
257,Hali,Kainz
258,Briny,Cocke
259,Micheil,Pepon
260,Madelaine,Stone
261,Alard,Dayly
262,Poul,Dreier
263,Barrett,MacTrustram
264,Merilee,Anan
265,Jacques,Aspy
266,Kaleb,Lemoir
267,Leola,Fulep
268,Fair,Fairfoull
269,Merrie,Tattersfield
270,Silvan,Budnik
271,Tonnie,Iacomini
272,Berget,Mattys
273,Sanford,de Villier
274,Sallyanne,Burril
275,Bernie,Bitchener
276,Wendall,Mennithorp
277,Linell,Shimwall
278,Kylie,Tregunna
279,Asher,Withur
280,Sophronia,Burnapp
281,Johnna,McElroy
282,Beatrice,Newhouse
283,Ginnifer,Standidge
284,Wyn,Shimmans
285,Carroll,Bertelmot
286,Dene,Riguard
287,Loni,Saltsberger
288,Way,de Lloyd
289,Elmira,Banbury
290,Yanaton,Mannock
291,Reid,Warwick
292,Marcelia,Wetherby
293,Layney,Sijmons
294,Donnajean,Petford
295,Saxe,Wickersham
296,Annadiane,Lindro
297,Sanford,Hardbattle
298,Filippa,MacCaughen
299,Lonnie,Westley
300,Isahella,Bertolaccini
301,Corilla,Rawcliff
302,Tammie,Bimson
303,Ignatius,Tremeer
304,Lissie,Folan
305,Camellia,Petroselli
306,Hurleigh,Danslow
307,Matias,Linke
308,Janeta,Sterndale
309,Christina,Woodroffe
310,Rogers,Venediktov
311,Wendall,Imort
312,Barth,Kinglake
313,Jeralee,Willoughby
314,Carlee,Halladay
315,Trevor,De Domenicis
316,Tiertza,Skene
317,Richie,Gerrard
318,Debora,Mcall
319,Andros,Duling
320,Lorne,Laytham
321,Abbe,Gwilliam
322,Linus,O Mullen
323,Abagail,Stable
324,Colette,Pike
325,Ursula,Petry
326,Dorothy,Joll
327,Trude,Clearley
328,Kelwin,Bortolutti
329,Porty,Howsin
330,Fanchette,Fancy
331,Angie,Kenelin
332,Norry,Hixson
333,Salim,Howbrook
334,Kalinda,Bower
335,Nevil,Oneile
336,Fernando,Tamburo
337,Christoper,Wagg
338,Kipp,Van Der Straaten
339,Courtenay,Vedyashkin
340,Magnum,Novacek
341,Sascha,Side
342,Kara,Barbrook
343,Welsh,Feare
344,Allx,Ofer
345,Carlie,Eaken
346,Velma,Mardlin
347,Mufi,Nesbit
348,Julianne,Di Gregorio
349,Bondy,Steven
350,Gwenette,Englefield
351,Ardeen,Densumbe
352,Lise,Lie
353,Alberto,Gorries
354,Morten,De Vaux
355,Roseanna,McLaughlan
356,Chaddy,Ruddle
357,Jillayne,Savil
358,Maressa,Ellaway
359,Ross,Haberjam
360,Winna,Verbeek
361,Rodolfo,Reynoldson
362,Anallese,Sudron
363,Page,Adkins
364,Gabriele,Nelle
365,Lucina,Braghini
366,Basilio,Passe
367,Dalton,Boddymead
368,Aubry,Steward
369,Giavani,Killough
370,Mara,Werlock
371,Dieter,Keetch
372,Buckie,Skein
373,Brit,Deeny
374,Arlina,Tonsley
375,Aviva,Adacot
376,Ardisj,Gallimore
377,Dru,Daddow
378,Larine,Fear
379,Ronna,Iseton
380,Janeczka,Trulocke
381,Bear,Bladder
382,Westbrook,Goley
383,Adel,Orwin
384,Norris,Kentish
385,Madalyn,Rubin
386,Gus,Tilbury
387,Archibold,Fallowes
388,Carmine,Closs
389,Vonni,Broadhurst
390,Maia,Stote
391,Idaline,Maudsley
392,Bobby,Frankom
393,Estell,Hellicar
394,Carl,Tomney
395,Dannie,Aloway
396,Chelsie,Grout
397,Napoleon,Scholte
398,Micheal,Keoghan
399,Sidney,Bowhey
400,Celestina,Perrygo
401,Lulita,Kilday
402,Mano,Satford
403,Orlan,Dominey
404,Lucas,Vanyukov
405,Rhetta,Sarath
406,Eleni,Letson
407,Weston,O'Dogherty
408,Kylie,Vasyutochkin
409,Whitney,Barbrook
410,Maxi,Rignoldes
411,Ermengarde,Puleston
412,Christean,Schaumann
413,Madlen,Cardwell
414,Margarita,Maingot
415,Kathleen,McSharry
416,Jeanne,Marran
417,Thorndike,Order
418,Byrle,Fontel
419,Tobie,McKeaney
420,Alexi,Furmston
421,Lu,Burnapp
422,Sherwynd,Pala
423,Gleda,Mogra
424,Corri,D'Alwis
425,Godwin,Sully
426,Axel,Gooda
427,Abbi,Odde
428,Angel,McAvinchey
429,Romain,Brotherhed
430,Roxine,Yeo
431,Bride,Hitzschke
432,Christal,Humbey
433,Kile,Mattheus
434,Broderic,Keates
435,Justinn,Silberschatz
436,Omar,Windridge
437,Vern,Midner
438,Jamal,Brugsma
439,Milzie,Widdop
440,Dorie,Beamiss
441,Renaldo,Dumbrill
442,Gertrud,Hawley
443,Veronica,Ford
444,Mendie,Hedling
445,Pacorro,Gorgl
446,Craggy,Haggett
447,Ingar,Nosworthy
448,Amie,Lidierth
449,Carney,Vondruska
450,Teddie,Guyan
451,Faith,Whitsey
452,Karena,Hulk
453,Patti,Fassmann
454,Allyn,O'Curneen
455,Cayla,Spyvye
456,Angelina,Desvignes
457,Bev,Cogley
458,Mendel,Martello
459,Retha,Olivi
460,Agna,Bradick
461,Lorita,Gatteridge
462,Claudian,Dwire
463,Decca,Barents
464,Hedwiga,Whiteson
465,Seumas,Paradin
466,Mireielle,Mielnik
467,Fianna,Wyllcock
468,Fabian,Gerrets
469,Lori,Proudler
470,Gabriello,Howie
471,Elspeth,Kinker
472,Tibold,Lempertz
473,Anjanette,Rohlf
474,Ignatius,Kermott
475,Thibaud,Chipman
476,Melanie,Kirke
477,Claude,Pharrow
478,Maxim,Collcutt
479,Hildegaard,Salzen
480,Thayne,McKim
481,Gilbertina,Hevey
482,Romeo,Groves
483,Juieta,Spofforth
484,Benn,Loughrey
485,Finley,Simmins
486,Sidnee,Dibner
487,Jeanne,Wisson
488,Marmaduke,Oakly
489,Windham,Scole
490,Rutherford,Swanston
491,Virginia,Ellicombe
492,Rosalinde,Winsbury
493,Christoph,Summons
494,Alexa,Cockman
495,Wileen,Benedicte
496,Roze,Hazeman
497,Joelynn,Wixey
498,Roberta,Baythrop
499,Dulcie,Mutter
500,Sheila,Formilli
501,Filia,Euston
502,Mohandis,Conerding
503,Marve,Fesby
504,Hallie,Ioan
505,Sybila,Ferschke
506,Kayley,Casiroli
507,Adena,Minchenton
508,Martha,Cranney
509,Moss,Durnin
510,Sylvia,Borgesio
511,Ronica,O'Hare
512,Cassondra,Hutcheon
513,Junina,Harrison
514,Brnaby,Dutt
515,Maura,Berwick
516,Zebedee,Sanja
517,Parrnell,Surgison
518,Marwin,Arnaldi
519,Imelda,Chelsom
520,Kyla,Huitson
521,Matt,Bastiman
522,Teddy,Suerz
523,Bob,Humbell
524,Allissa,Brownfield
525,Verney,Wiltshear
526,Hillie,Balmadier
527,Adeline,Dohrmann
528,Raf,Braizier
529,Nertie,Mollon
530,Stevana,Seely
531,Royal,Matusiak
532,Wendy,Villaret
533,Lance,Frascone
534,Dimitri,Monck
535,Angie,Waples
536,Eveleen,Pawel
537,Cynthea,Bang
538,Kelila,Marikhin
539,Priscilla,Gilchriest
540,Karole,Lehrle
541,Joeann,Drewery
542,Sibley,Vynehall
543,Jody,Salomon
544,Friedrick,Scrowson
545,Tyson,Lunt
546,Branden,Kembrey
547,Gaye,Gettings
548,Noel,Ellingford
549,Terry,Corthes
550,Franciska,Ree
551,Natividad,Borg-Bartolo
552,Marcelle,Farnie
553,Grant,Langton
554,Anders,Marians
555,Almira,Brummitt
556,Joey,Mullin
557,Man,Dowdell
558,Gnni,O'Nion
559,Tony,Sheber
560,Peggie,Leeming
561,Celinka,Henri
562,Penn,Callard
563,Sher,Pressey
564,Obadiah,Toderi
565,Catherina,Escala
566,Martino,Mawd
567,Elga,Duffield
568,Lanny,Piffe
569,Ursula,Chugg
570,Bradley,Sloane
571,Lanette,McCullouch
572,Bartel,Carous
573,Duffy,Byrd
574,Irvin,Drieu
575,Jacquelynn,De Cruce
576,Van,Cornilleau
577,Rochester,Cosslett
578,Bart,McCrainor
579,Aggi,Twort
580,Artemas,Glennie
581,Oralla,Paz
582,El,Solman
583,Sharia,Perrinchief
584,Aharon,McCrillis
585,Wally,Nowill
586,Annelise,Livesley
587,Rosene,Ebsworth
588,Karl,Redon
589,Gabbie,Hyam
590,Goldarina,Pfertner
591,Porty,Kalisch
592,Udell,Haslock
593,Eveline,Pryer
594,Pat,McNeice
595,Pascale,Bedinham
596,Sampson,Stowe
597,Doralin,Cootes
598,Dom,Crosskell
599,Artur,Roughley
600,Binky,Hunn
601,Kenyon,Mc Coughan
602,Leanor,Rembrandt
603,Homere,MacKenzie
604,Kenyon,Gingell
605,Ian,Jedrzejewicz
606,Collen,Motto
607,Leesa,Stanislaw
608,Suzann,Veazey
609,Ivette,Breeze
610,Franny,Handley
611,Mariam,Armall
612,Reed,Coucher
613,Bram,Wolton
614,Camella,Frenzl
615,Corrinne,Orris
616,Yalonda,Balnaves
617,Dulcinea,Wimms
618,Amelia,Sketh
619,Sadella,Yokel
620,Horace,Collumbine
621,Bruis,Tasseler
622,Yvonne,Brickner
623,Rahal,Callington
624,Bride,Habgood
625,Ivar,Cardew
626,Cornelia,McKilroe
627,Benedicta,Knights
628,Kendra,Crepin
629,Auberta,Widdicombe
630,Teodor,Hearley
631,Vivianne,Henrys
632,Cati,Dunstall
633,Gaby,Blennerhassett
634,Lela,Paraman
635,Alisa,Duham
636,Erda,Kerton
637,Elwyn,Fawltey
638,Adina,Pedlow
639,Natalya,MacMichael
640,Connie,D'Alesco
641,Daron,D'Alesco
642,Lothario,Pickthorn
643,Simone,Vigours
644,Olympe,Oldrey
645,Berton,Gonzalo
646,Valentine,Reder
647,Lemmy,Budik
648,Christiano,Wixon
649,Jae,McKinley
650,Lena,Barrasse
651,Hart,Marjoribanks
652,Norina,Zorzini
653,Didi,Casacchia
654,Rebe,Bonome
655,Averyl,Utton
656,Michele,Tollit
657,Broddie,Scarbarrow
658,Lucio,Stollenbecker
659,Kathleen,Rankling
660,Claribel,Saggs
661,Fanchette,Digg
662,Holly-anne,Cornuau
663,Marya,Huish
664,Leila,Leeke
665,Charity,Romme
666,Hillyer,MacShane
667,Jeremiah,Jost
668,Armin,Bateup
669,Krishnah,Dowers
670,Kelsey,Rennebeck
671,Didi,Graddon
672,Estevan,Anthonies
673,Susana,Hargey
674,Darryl,Reeve
675,James,Kerner
676,Bob,Soames
677,Danit,Foxall
678,Georgiana,Thoms
679,Daffy,Tytterton
680,Robinson,Noddles
681,Cherye,Dy
682,Giffer,Rupprecht
683,Dorie,Grabb
684,Clarie,Russe
685,Birgitta,Brocklesby
686,Teressa,Kornel
687,Laird,Dermot
688,Nicki,Henden
689,Borden,Whoolehan
690,Lucille,Barbey
691,Dianne,Keeble
692,Dareen,Wonfor
693,Barri,McVane
694,Ferdinande,MacBrearty
695,Margi,Rowat
696,Nevin,Arnoud
697,Boyd,Epps
698,Felipe,Gori
699,Galven,Hursey
700,Andres,Hadigate
701,Anastasie,Dodle
702,Karleen,Cottel
703,Stevena,Castelluzzi
704,Eldridge,Hullot
705,Correna,Gerriets
706,Melvin,Mealing
707,Arlie,Holyland
708,Stacey,Barlas
709,Tonnie,De Bruijn
710,Trudy,Smitton
711,Gilbert,Veschambes
712,Tye,Oaten
713,Karyn,Oldridge
714,Rinaldo,Baffin
715,Veda,Tuminini
716,Katrina,Wyson
717,Hy,Duffie
718,Petra,Meineking
719,Penny,Jacketts
720,Chantal,Finlan
721,Angele,Probat
722,Monah,Timmens
723,Gwyn,Paunsford
724,Anthony,Jentgens
725,Tildie,Braunter
726,Gun,Alyukin
727,Perry,Ridley
728,Cherida,Shakespeare
729,Salvatore,Heinert
730,Thelma,Koeppke
731,Wilburt,Elesander
732,Lorelei,Du Barry
733,Hort,Coniff
734,Fields,Overthrow
735,Tore,Brearton
736,Clevey,Simioni
737,Conrad,Windows
738,Goran,Standring
739,Miriam,Coetzee
740,Erie,Wittrington
741,Holt,Chippendale
742,Bidget,Leven
743,Patricia,Wapple
744,Maren,Carr
745,Marianna,McNelis
746,Pat,Gounod
747,Leland,Goff
748,Cordie,Denial
749,Alex,Minmagh
750,Rhody,Trimbey
751,Royall,Outerbridge
752,Kirsteni,Trewin
753,Minette,Grayshan
754,Parry,Clapston
755,Glyn,Hagart
756,Alejoa,Jaxon
757,Jed,Pauluzzi
758,Almeta,Sharratt
759,Lyn,Nassi
760,Othella,Collings
761,Berget,Potticary
762,Carlita,Ayce
763,Lesley,Gerrill
764,Florella,McCleary
765,Ingram,Sarjeant
766,Henrik,O'Sharry
767,Norah,Padrick
768,Nicolis,Gayden
769,Theda,Elster
770,Casar,Longega
771,Vivia,Rakes
772,Noel,Gaskill
773,Alla,Tillot
774,Maire,Ayers
775,Ogden,Harhoff
776,Homer,Oake
777,Roberto,Cominello
778,Chas,Elbourne
779,Edithe,Lorenzetto
780,Izaak,Ivanishev
781,Charil,Scuffham
782,Travis,MacCleay
783,Elyssa,Camili
784,Sterne,McGillicuddy
785,Barbe,Hounihan
786,Kendra,Corradino
787,Pollyanna,Wittke
788,Abner,Elfes
789,Sanford,Blankau
790,Adaline,Bason
791,Shanta,Norgate
792,Sharia,Klass
793,Zara,Chalfain
794,Barbra,Cagan
795,Betteanne,Baress
796,Sherri,Huster
797,Lani,Trollope
798,Arda,O'Brallaghan
799,Mahmoud,Queenborough
800,El,Avrahamof
801,Osmond,Lenham
802,Ethelin,Berge
803,Lesley,Fruish
804,Fannie,Bockler
805,Odilia,Dripp
806,Fredi,Libreros
807,Augustina,Kobus
808,Nanny,Weildish
809,Michael,M'cowis
810,Crosby,Berthot
811,Edd,Di Filippo
812,Arnaldo,Freckelton
813,Morissa,Ligoe
814,Codee,Janeway
815,Manda,Dimic
816,Eilis,McAnulty
817,Opalina,Vasile
818,Alistair,M'Barron
819,Whitney,Braddock
820,Deeann,Drummer
821,Margot,Wapol
822,Royce,Anselm
823,Jimmie,Haddington
824,Fidelity,Wardale
825,Brena,Denniss
826,Ailis,Finicj
827,Carmel,Raffan
828,Dore,Defond
829,Mable,Fyndon
830,Byran,Aimson
831,Trumaine,Dreghorn
832,Willie,Nosworthy
833,Terrance,Perillio
834,Mort,Archibould
835,Karleen,Macieja
836,Nils,Dungate
837,Eryn,Matteoni
838,Allie,Francescone
839,Marshal,Dabnor
840,Jemima,Rogans
841,Brietta,Andrez
842,Caesar,Gerrett
843,Sammy,Millmore
844,Andrea,York
845,Anastasie,Harsnep
846,Venita,Radleigh
847,Enrique,O'Scully
848,Millisent,Koopman
849,Tatiana,Shaxby
850,Ceciley,Balfour
851,Benita,Dumbrall
852,Levy,Merfin
853,Fanni,Grishinov
854,Ursala,De Malchar
855,Rich,Cattenach
856,Tedman,Matt
857,Chrisse,Brisseau
858,Alyson,Downage
859,Janina,Lergan
860,Sandor,Flobert
861,Annora,Hoppner
862,Kellsie,Kretschmer
863,Sisely,Fidler
864,Ophelia,Antonat
865,Karoly,Bibey
866,Hartley,Hancill
867,Laney,Foottit
868,Desi,Posselt
869,Fionnula,Lainton
870,Standford,Peverell
871,Warde,Edmonstone
872,Noni,Bennit
873,Caprice,Leal
874,Chrysa,Pooly
875,Velma,Ivory
876,Moishe,Ablitt
877,Terrye,Hinzer
878,Tallie,Hinstridge
879,Esdras,Scottini
880,Flem,Lints
881,Cy,Westfalen
882,Murial,Hesbrook
883,Alvin,McCullouch
884,Marcelline,Troutbeck
885,Elfrieda,Schoroder
886,Ashien,Blackboro
887,Leesa,Sobczak
888,Jeffie,Hidderley
889,Andrus,Rhymes
890,Carey,Noah
891,Dalenna,Lukas
892,Marnia,Rivallant
893,Janean,Ogilvie
894,Kerry,Morson
895,Dominga,Petzolt
896,Elberta,McGarel
897,Liesa,Ladloe
898,Irena,Clarabut
899,Philis,Bonhomme
900,Raul,Ivell
901,Evangeline,Feaveer
902,Kalinda,Heinzler
903,Swen,Hembery
904,Biddie,Larchier
905,Gwendolen,Nystrom
906,Viviyan,Gallard
907,Orsa,Birchner
908,Opalina,Oram
909,Horatius,Jaynes
910,Sal,Phillip
911,Laryssa,Kiddell
912,Rog,Jonke
913,Pepi,Allflatt
914,Hinda,Tomczynski
915,Mathilda,Bance
916,Miquela,Marton
917,Davidde,Brimilcombe
918,Addy,Bewly
919,Priscella,Haselup
920,Randee,Rillstone
921,Farrah,Radcliffe
922,Jerrold,Calcut
923,Gawen,Pedro
924,Abey,Georgiev
925,Gale,Kingston
926,Tracey,Rosenauer
927,Millicent,Angell
928,Nathanael,Rotham
929,Teodorico,Hullot
930,Patten,MacDonell
931,Florencia,Ciobotaro
932,Ronni,Dureden
933,Aubree,Wardle
934,Malchy,Cripps
935,Dianne,Marian
936,Juan,Davitt
937,Harvey,Racine
938,Adele,Lenihan
939,Dayna,Kentwell
940,Tybalt,Hatch
941,Clementina,Davidow
942,Lockwood,Cosens
943,Brina,Grenter
944,Addison,Allot
945,Lewiss,Osbidston
946,Lyell,Coots
947,Skippy,Forsbey
948,Harmonie,Giovanitti
949,Stanly,Orridge
950,Dorette,Claiden
951,Corina,Goulborn
952,Cullin,Rapo
953,Nyssa,Montel
954,Nikoletta,Leather
955,Elva,Bedle
956,Quintilla,Brittoner
957,Daryl,Faustian
958,Janith,Insko
959,Roarke,Stiggers
960,Sula,Branno
961,Roderich,Bispham
962,Harlen,Shevels
963,Nikolia,Benardet
964,Audrye,Skrzynski
965,Dari,Gossage
966,Alethea,Wakelam
967,Christi,Ballance
968,Berthe,Whitcombe
969,Brandice,Andrivot
970,Abagael,Elkington
971,Theresa,Uttermare
972,Benson,Leggitt
973,Coriss,Edgerton
974,Ahmed,Cosham
975,Arlin,Stuehmeier
976,Fernandina,Harper
977,Raquel,Delue
978,Devan,Tilberry
979,Cati,Turrill
980,Clerc,Bockett
981,Cindra,Scantlebury
982,Anallese,Piggins
983,Julietta,Turville
984,Hunfredo,Fernie
985,Winny,Simons
986,Moise,Auden
987,Derril,Quakley
988,Kai,Wilsee
989,Walton,Deacon
990,Tobey,Dykins
991,Kissie,Wardhough
992,Cassandre,Mosedill
993,Jenilee,Poston
994,Syman,Noraway
995,Janean,Wigginton
996,Giffer,Broadwell
997,Roberta,Highnam
998,Glen,Copello
999,Beret,Brosoli
1000,Jacinta,Soro
